Nom,Cond,Partits,Minuts,Punts,T2 Anot,T2 Fets,% T2,T3 Anot,T3 Fets,% T3,T1 Anot,T1 Fets,% T1,Reb. Ofensius,Reb. Defensius,Rebots,Assist,Recuperacions,Pèrdues,Taps,Taps Rebuts,Mates,Faltes Comeses,Faltas Rebudes,Val,% Asist,% Tir Efectiu,% Tir Verdader,GScore,TLR,Possesions Anotades,Possesions No Anotades,Floor Percentage,Punts per Tir,% Rebots,% Rebots Def,% Rebots Of,% Recuperacions,Tocs,Us,Versatilitat,Win Scores,Eficiencia Ofensiva,Eficiencia Defensiva,Diferencia eficiencia,Pèrdues Mal Pase,Pèrdues Pilota Controlada,Altres Pèrdues,Faltes de Tir,Faltes No de Tir,Tecn,Antieportives,Faltes Ofensives,Reb. Of 2p,Reb. Of 3p,% Reb. Of 2p,% Reb. Of 3p,UsT3,TC Anot,TC Fets,%TC,Num
b'AARON ZIGA FORNELLS',1 Mitjana,7.0,28.43,9.29,2.57,6.14,0.42,0.86,5.29,0.16,1.57,2.86,0.55,0.0,0.0,0.0,0.0,0.0,0.0,0.0,0.0,0.0,1.14,0.0,0.0,0.0,0.34,0.37,1.69,1.96,4.34,8.23,34.52,0.68,0.0,0.0,0.0,0.0,13.91,24.19,0.0,-4.14,74.71,100.84,-26.13,0.0,0.0,0.0,0.0,0.0,0.0,0.0,0.0,0.0,0.0,0.0,0.0,0.46,3.43,11.43,0.3,26.0
b'AARON ZIGA FORNELLS',2 Derrota,5.0,28.4,8.4,2.0,6.2,0.32,0.8,4.2,0.19,2.0,3.4,0.59,0.0,0.0,0.0,0.0,0.0,0.0,0.0,0.0,0.0,1.6,0.0,0.0,0.0,0.31,0.35,1.04,3.85,3.93,7.83,33.41,0.62,0.0,0.0,0.0,0.0,13.32,22.46,0.0,-4.5,72.41,104.9,-32.49,0.0,0.0,0.0,0.0,0.0,0.0,0.0,0.0,0.0,0.0,0.0,0.0,0.4,2.8,10.4,0.27,26.0
b'AARON ZIGA FORNELLS',2 Victoria,2.0,28.5,11.5,4.0,6.0,0.67,1.0,8.0,0.12,0.5,1.5,0.33,0.0,0.0,0.0,0.0,0.0,0.0,0.0,0.0,0.0,0.0,0.0,0.0,0.0,0.39,0.39,3.3,1.78,5.33,9.27,36.53,0.79,0.0,0.0,0.0,0.0,15.36,28.68,0.0,-3.25,82.14,90.31,-8.17,0.0,0.0,0.0,0.0,0.0,0.0,0.0,0.0,0.0,0.0,0.0,0.0,0.57,5.0,14.0,0.36,33.0
b'AARON ZIGA FORNELLS',3 Local,3.0,30.67,10.33,4.0,6.33,0.63,0.67,6.67,0.1,0.33,1.67,0.2,0.0,0.0,0.0,0.0,0.0,0.0,0.0,0.0,0.0,1.33,0.0,0.0,0.0,0.38,0.38,2.03,0.85,4.91,8.76,35.9,0.77,0.0,0.0,0.0,0.0,14.43,25.37,0.0,-4.17,77.5,92.89,-15.39,0.0,0.0,0.0,0.0,0.0,0.0,0.0,0.0,0.0,0.0,0.0,0.0,0.51,4.67,13.0,0.36,26.0
b'AARON ZIGA FORNELLS',3 Visitant,4.0,26.75,8.5,1.5,6.0,0.25,1.0,4.25,0.24,2.5,3.75,0.67,0.0,0.0,0.0,0.0,0.0,0.0,0.0,0.0,0.0,1.0,0.0,0.0,0.0,0.29,0.36,1.43,6.1,3.83,7.92,32.62,0.59,0.0,0.0,0.0,0.0,13.54,23.36,0.0,-4.12,73.91,106.83,-32.92,0.0,0.0,0.0,0.0,0.0,0.0,0.0,0.0,0.0,0.0,0.0,0.0,0.41,2.5,10.25,0.24,33.0
b'AARON ZIGA FORNELLS',4 Banqueta,7.0,28.43,9.29,2.57,6.14,0.42,0.86,5.29,0.16,1.57,2.86,0.55,0.0,0.0,0.0,0.0,0.0,0.0,0.0,0.0,0.0,1.14,0.0,0.0,0.0,0.34,0.37,1.69,1.96,4.34,8.23,34.52,0.68,0.0,0.0,0.0,0.0,13.91,24.19,0.0,-4.14,74.71,100.84,-26.13,0.0,0.0,0.0,0.0,0.0,0.0,0.0,0.0,0.0,0.0,0.0,0.0,0.46,3.43,11.43,0.3,26.0
b'AARON ZIGA FORNELLS',5 Dificil,5.0,28.6,9.8,2.6,7.0,0.37,1.0,5.4,0.19,1.6,3.2,0.5,0.0,0.0,0.0,0.0,0.0,0.0,0.0,0.0,0.0,1.6,0.0,0.0,0.0,0.33,0.35,1.28,2.58,4.56,9.12,33.33,0.66,0.0,0.0,0.0,0.0,15.04,26.29,0.0,-5.0,73.13,105.48,-32.34,0.0,0.0,0.0,0.0,0.0,0.0,0.0,0.0,0.0,0.0,0.0,0.0,0.44,3.6,12.4,0.29,26.0
b'AARON ZIGA FORNELLS',5 Facil,2.0,28.0,8.0,2.5,4.0,0.62,0.5,5.0,0.1,1.5,2.0,0.75,0.0,0.0,0.0,0.0,0.0,0.0,0.0,0.0,0.0,0.0,0.0,0.0,0.0,0.36,0.4,2.7,8.34,3.75,6.05,38.27,0.72,0.0,0.0,0.0,0.0,11.05,18.93,0.0,-2.0,84.21,89.43,-5.22,0.0,0.0,0.0,0.0,0.0,0.0,0.0,0.0,0.0,0.0,0.0,0.0,0.56,3.0,9.0,0.33,33.0
b'AARON ZIGA FORNELLS',6 Equips Cua,1.0,31.0,10.0,5.0,9.0,0.56,0.0,5.0,0.0,0.0,3.0,0.0,0.0,0.0,0.0,0.0,0.0,0.0,0.0,0.0,0.0,3.0,0.0,0.0,0.0,0.36,0.33,-0.2,0.0,5.0,10.2,32.89,0.71,0.0,0.0,0.0,0.0,16.25,26.33,0.0,-7.0,66.67,99.72,-33.06,0.0,0.0,0.0,0.0,0.0,0.0,0.0,0.0,0.0,0.0,0.0,0.0,0.36,5.0,14.0,0.36,26.0
b'AARON ZIGA FORNELLS',6 Equips Top,1.0,31.0,10.0,5.0,9.0,0.56,0.0,5.0,0.0,0.0,3.0,0.0,0.0,0.0,0.0,0.0,0.0,0.0,0.0,0.0,0.0,3.0,0.0,0.0,0.0,0.36,0.33,-0.2,0.0,5.0,10.2,32.89,0.71,0.0,0.0,0.0,0.0,16.25,26.33,0.0,-7.0,66.67,99.72,-33.06,0.0,0.0,0.0,0.0,0.0,0.0,0.0,0.0,0.0,0.0,0.0,0.0,0.36,5.0,14.0,0.36,26.0
b'ALEIX SEMPERE SERRANO',1 Mitjana,2.0,8.0,1.5,0.5,1.5,0.33,0.0,0.5,0.0,0.5,3.0,0.17,0.0,0.0,0.0,0.0,0.0,0.0,0.0,0.0,0.0,1.0,0.0,0.0,0.0,0.25,0.23,-1.1,12.5,0.86,2.33,27.08,0.5,0.0,0.0,0.0,0.0,4.58,22.12,0.0,-2.5,60.0,113.33,-53.33,0.0,0.0,0.0,0.0,0.0,0.0,0.0,0.0,0.0,0.0,0.0,0.0,0.25,0.5,2.0,0.25,0.0
b'ALEIX SEMPERE SERRANO',2 Derrota,2.0,8.0,1.5,0.5,1.5,0.33,0.0,0.5,0.0,0.5,3.0,0.17,0.0,0.0,0.0,0.0,0.0,0.0,0.0,0.0,0.0,1.0,0.0,0.0,0.0,0.25,0.23,-1.1,12.5,0.86,2.33,27.08,0.5,0.0,0.0,0.0,0.0,4.58,22.12,0.0,-2.5,60.0,113.33,-53.33,0.0,0.0,0.0,0.0,0.0,0.0,0.0,0.0,0.0,0.0,0.0,0.0,0.25,0.5,2.0,0.25,0.0
b'ALEIX SEMPERE SERRANO',3 Visitant,2.0,8.0,1.5,0.5,1.5,0.33,0.0,0.5,0.0,0.5,3.0,0.17,0.0,0.0,0.0,0.0,0.0,0.0,0.0,0.0,0.0,1.0,0.0,0.0,0.0,0.25,0.23,-1.1,12.5,0.86,2.33,27.08,0.5,0.0,0.0,0.0,0.0,4.58,22.12,0.0,-2.5,60.0,113.33,-53.33,0.0,0.0,0.0,0.0,0.0,0.0,0.0,0.0,0.0,0.0,0.0,0.0,0.25,0.5,2.0,0.25,0.0
b'ALEIX SEMPERE SERRANO',4 Banqueta,2.0,8.0,1.5,0.5,1.5,0.33,0.0,0.5,0.0,0.5,3.0,0.17,0.0,0.0,0.0,0.0,0.0,0.0,0.0,0.0,0.0,1.0,0.0,0.0,0.0,0.25,0.23,-1.1,12.5,0.86,2.33,27.08,0.5,0.0,0.0,0.0,0.0,4.58,22.12,0.0,-2.5,60.0,113.33,-53.33,0.0,0.0,0.0,0.0,0.0,0.0,0.0,0.0,0.0,0.0,0.0,0.0,0.25,0.5,2.0,0.25,0.0
b'ALEIX SEMPERE SERRANO',5 Dificil,2.0,8.0,1.5,0.5,1.5,0.33,0.0,0.5,0.0,0.5,3.0,0.17,0.0,0.0,0.0,0.0,0.0,0.0,0.0,0.0,0.0,1.0,0.0,0.0,0.0,0.25,0.23,-1.1,12.5,0.86,2.33,27.08,0.5,0.0,0.0,0.0,0.0,4.58,22.12,0.0,-2.5,60.0,113.33,-53.33,0.0,0.0,0.0,0.0,0.0,0.0,0.0,0.0,0.0,0.0,0.0,0.0,0.25,0.5,2.0,0.25,0.0
b'EDUARD COLL COMABELLA',1 Mitjana,6.0,21.83,10.67,2.17,4.33,0.5,1.5,5.17,0.29,1.83,2.5,0.73,0.0,0.0,0.0,0.0,0.0,0.0,0.0,0.0,0.0,1.33,0.0,0.0,0.0,0.46,0.5,4.68,3.22,4.59,5.91,43.77,0.93,0.0,0.0,0.0,0.0,11.74,26.4,0.0,-0.75,103.23,100.91,2.31,0.0,0.0,0.0,0.0,0.0,0.0,0.0,0.0,0.0,0.0,0.0,0.0,0.54,3.67,9.5,0.39,11.0
b'EDUARD COLL COMABELLA',2 Derrota,4.0,20.5,8.0,1.25,3.0,0.42,1.5,5.5,0.27,1.0,1.25,0.8,0.0,0.0,0.0,0.0,0.0,0.0,0.0,0.0,0.0,1.0,0.0,0.0,0.0,0.41,0.44,2.65,2.94,3.23,5.77,35.89,0.82,0.0,0.0,0.0,0.0,9.62,23.71,0.0,-1.62,91.43,106.22,-14.79,0.0,0.0,0.0,0.0,0.0,0.0,0.0,0.0,0.0,0.0,0.0,0.0,0.65,2.75,8.5,0.32,11.0
b'EDUARD COLL COMABELLA',2 Victoria,2.0,24.5,16.0,4.0,7.0,0.57,1.5,4.5,0.33,3.5,5.0,0.7,0.0,0.0,0.0,0.0,0.0,0.0,0.0,0.0,0.0,2.0,0.0,0.0,0.0,0.54,0.58,8.75,15.21,7.32,6.18,54.22,1.09,0.0,0.0,0.0,0.0,16.02,31.18,0.0,1.0,123.08,90.15,32.92,0.0,0.0,0.0,0.0,0.0,0.0,0.0,0.0,0.0,0.0,0.0,0.0,0.39,5.5,11.5,0.48,11.0
b'EDUARD COLL COMABELLA',3 Local,2.0,23.0,14.5,3.0,4.5,0.67,2.0,5.5,0.36,2.5,4.0,0.62,0.0,0.0,0.0,0.0,0.0,0.0,0.0,0.0,0.0,1.5,0.0,0.0,0.0,0.6,0.62,8.3,12.5,6.38,5.22,54.96,1.2,0.0,0.0,0.0,0.0,13.79,29.92,0.0,1.75,131.82,88.85,42.97,0.0,0.0,0.0,0.0,0.0,0.0,0.0,0.0,0.0,0.0,0.0,0.0,0.55,5.0,10.0,0.5,11.0
b'EDUARD COLL COMABELLA',3 Visitant,4.0,21.25,8.75,1.75,4.25,0.41,1.25,5.0,0.25,1.5,1.75,0.86,0.0,0.0,0.0,0.0,0.0,0.0,0.0,0.0,0.0,1.25,0.0,0.0,0.0,0.39,0.44,2.88,4.05,3.69,6.26,37.04,0.78,0.0,0.0,0.0,0.0,10.79,24.77,0.0,-2.0,89.74,106.79,-17.05,0.0,0.0,0.0,0.0,0.0,0.0,0.0,0.0,0.0,0.0,0.0,0.0,0.54,3.0,9.25,0.32,11.0
b'EDUARD COLL COMABELLA',4 Banqueta,6.0,21.83,10.67,2.17,4.33,0.5,1.5,5.17,0.29,1.83,2.5,0.73,0.0,0.0,0.0,0.0,0.0,0.0,0.0,0.0,0.0,1.33,0.0,0.0,0.0,0.46,0.5,4.68,3.22,4.59,5.91,43.77,0.93,0.0,0.0,0.0,0.0,11.74,26.4,0.0,-0.75,103.23,100.91,2.31,0.0,0.0,0.0,0.0,0.0,0.0,0.0,0.0,0.0,0.0,0.0,0.0,0.54,3.67,9.5,0.39,11.0
b'EDUARD COLL COMABELLA',5 Dificil,4.0,19.5,9.75,1.75,3.75,0.47,1.5,5.25,0.29,1.75,1.75,1.0,0.0,0.0,0.0,0.0,0.0,0.0,0.0,0.0,0.0,1.5,0.0,0.0,0.0,0.44,0.5,4.15,4.86,3.95,5.75,40.72,0.89,0.0,0.0,0.0,0.0,10.48,27.43,0.0,-0.88,102.63,106.86,-4.23,0.0,0.0,0.0,0.0,0.0,0.0,0.0,0.0,0.0,0.0,0.0,0.0,0.58,3.25,9.0,0.36,11.0
b'EDUARD COLL COMABELLA',5 Facil,2.0,26.5,12.5,3.0,5.5,0.55,1.5,5.0,0.3,2.0,4.0,0.5,0.0,0.0,0.0,0.0,0.0,0.0,0.0,0.0,0.0,1.0,0.0,0.0,0.0,0.5,0.51,5.75,9.53,5.7,6.4,47.11,1.0,0.0,0.0,0.0,0.0,14.61,24.81,0.0,-0.5,108.7,89.27,19.42,0.0,0.0,0.0,0.0,0.0,0.0,0.0,0.0,0.0,0.0,0.0,0.0,0.48,4.5,10.5,0.43,11.0
b'EDUARD RODRGUEZ PREZ',1 Mitjana,6.0,23.67,7.83,1.67,3.67,0.45,1.17,3.83,0.3,1.0,2.0,0.5,0.0,0.0,0.0,0.0,0.0,0.0,0.0,0.0,0.0,2.33,0.0,0.0,0.0,0.46,0.47,2.38,2.22,3.43,4.87,41.37,0.91,0.0,0.0,0.0,0.0,9.24,19.46,0.0,-1.83,95.92,98.16,-2.24,0.0,0.0,0.0,0.0,0.0,0.0,0.0,0.0,0.0,0.0,0.0,0.0,0.51,2.83,7.5,0.38,6.0
b'EDUARD RODRGUEZ PREZ',2 Derrota,4.0,24.75,9.5,1.75,4.25,0.41,1.5,4.0,0.38,1.5,3.0,0.5,0.0,0.0,0.0,0.0,0.0,0.0,0.0,0.0,0.0,2.5,0.0,0.0,0.0,0.48,0.5,3.42,4.54,4.15,5.3,43.92,0.97,0.0,0.0,0.0,0.0,10.82,21.1,0.0,-1.5,102.7,102.07,0.63,0.0,0.0,0.0,0.0,0.0,0.0,0.0,0.0,0.0,0.0,0.0,0.0,0.48,3.25,8.25,0.39,6.0
b'EDUARD RODRGUEZ PREZ',2 Victoria,2.0,21.5,4.5,1.5,2.5,0.6,0.5,3.5,0.14,0.0,0.0,0.0,0.0,0.0,0.0,0.0,0.0,0.0,0.0,0.0,0.0,2.0,0.0,0.0,0.0,0.38,0.38,0.3,0.0,2.0,4.0,33.33,0.75,0.0,0.0,0.0,0.0,6.0,15.56,0.0,-2.5,75.0,90.13,-15.13,0.0,0.0,0.0,0.0,0.0,0.0,0.0,0.0,0.0,0.0,0.0,0.0,0.58,2.0,6.0,0.33,15.0
b'EDUARD RODRGUEZ PREZ',3 Local,3.0,21.33,7.33,2.0,3.33,0.6,1.0,2.33,0.43,0.33,0.67,0.5,0.0,0.0,0.0,0.0,0.0,0.0,0.0,0.0,0.0,2.33,0.0,0.0,0.0,0.62,0.62,3.5,1.96,3.2,2.73,53.93,1.24,0.0,0.0,0.0,0.0,6.24,15.83,0.0,0.17,129.41,92.34,37.07,0.0,0.0,0.0,0.0,0.0,0.0,0.0,0.0,0.0,0.0,0.0,0.0,0.41,3.0,5.67,0.53,6.0
b'EDUARD RODRGUEZ PREZ',3 Visitant,3.0,26.0,8.33,1.33,4.0,0.33,1.33,5.33,0.25,1.67,3.33,0.5,0.0,0.0,0.0,0.0,0.0,0.0,0.0,0.0,0.0,2.33,0.0,0.0,0.0,0.36,0.39,1.27,5.95,3.67,7.0,34.38,0.71,0.0,0.0,0.0,0.0,12.28,22.17,0.0,-3.83,78.12,103.91,-25.79,0.0,0.0,0.0,0.0,0.0,0.0,0.0,0.0,0.0,0.0,0.0,0.0,0.57,2.67,9.33,0.29,15.0
b'EDUARD RODRGUEZ PREZ',4 Banqueta,6.0,23.67,7.83,1.67,3.67,0.45,1.17,3.83,0.3,1.0,2.0,0.5,0.0,0.0,0.0,0.0,0.0,0.0,0.0,0.0,0.0,2.33,0.0,0.0,0.0,0.46,0.47,2.38,2.22,3.43,4.87,41.37,0.91,0.0,0.0,0.0,0.0,9.24,19.46,0.0,-1.83,95.92,98.16,-2.24,0.0,0.0,0.0,0.0,0.0,0.0,0.0,0.0,0.0,0.0,0.0,0.0,0.51,2.83,7.5,0.38,6.0
b'EDUARD RODRGUEZ PREZ',5 Dificil,4.0,24.75,9.25,1.75,3.25,0.54,1.5,3.75,0.4,1.25,2.25,0.56,0.0,0.0,0.0,0.0,0.0,0.0,0.0,0.0,0.0,2.75,0.0,0.0,0.0,0.57,0.58,4.15,4.46,3.97,3.93,50.28,1.14,0.0,0.0,0.0,0.0,8.83,17.96,0.0,-0.25,123.33,102.77,20.56,0.0,0.0,0.0,0.0,0.0,0.0,0.0,0.0,0.0,0.0,0.0,0.0,0.54,3.25,7.0,0.46,6.0
b'EDUARD RODRGUEZ PREZ',5 Facil,2.0,21.5,5.0,1.5,4.5,0.33,0.5,4.0,0.12,0.5,1.5,0.33,0.0,0.0,0.0,0.0,0.0,0.0,0.0,0.0,0.0,1.5,0.0,0.0,0.0,0.26,0.27,-1.15,2.94,2.33,6.76,25.64,0.53,0.0,0.0,0.0,0.0,10.04,22.85,0.0,-5.0,58.82,89.14,-30.32,0.0,0.0,0.0,0.0,0.0,0.0,0.0,0.0,0.0,0.0,0.0,0.0,0.47,2.0,8.5,0.24,15.0
b'EDUARD RODRGUEZ PREZ',6 Equips Cua,1.0,19.0,6.0,1.0,4.0,0.25,1.0,1.0,1.0,1.0,2.0,0.5,0.0,0.0,0.0,0.0,0.0,0.0,0.0,0.0,0.0,5.0,0.0,0.0,0.0,0.5,0.51,0.9,20.0,2.6,3.2,44.83,1.0,0.0,0.0,0.0,0.0,6.5,16.49,0.0,-2.5,120.0,98.42,21.58,0.0,0.0,0.0,0.0,0.0,0.0,0.0,0.0,0.0,0.0,0.0,0.0,0.2,2.0,5.0,0.4,6.0
b'EDUARD RODRGUEZ PREZ',6 Equips Top,1.0,19.0,6.0,1.0,4.0,0.25,1.0,1.0,1.0,1.0,2.0,0.5,0.0,0.0,0.0,0.0,0.0,0.0,0.0,0.0,0.0,5.0,0.0,0.0,0.0,0.5,0.51,0.9,20.0,2.6,3.2,44.83,1.0,0.0,0.0,0.0,0.0,6.5,16.49,0.0,-2.5,120.0,98.42,21.58,0.0,0.0,0.0,0.0,0.0,0.0,0.0,0.0,0.0,0.0,0.0,0.0,0.2,2.0,5.0,0.4,6.0
b'EMILI BELLOT PULIDO',1 Mitjana,7.0,23.71,7.0,1.14,3.14,0.36,1.14,2.29,0.5,1.29,2.14,0.6,0.0,0.0,0.0,0.0,0.0,0.0,0.0,0.0,0.0,2.29,0.0,0.0,0.0,0.53,0.55,2.86,3.38,3.01,3.28,47.82,1.05,0.0,0.0,0.0,0.0,7.29,14.57,0.0,-0.64,113.95,100.61,13.35,0.0,0.0,0.0,0.0,0.0,0.0,0.0,0.0,0.0,0.0,0.0,0.0,0.42,2.29,5.43,0.42,1.0
b'EMILI BELLOT PULIDO',2 Derrota,5.0,24.4,6.8,1.4,3.4,0.41,0.8,2.2,0.36,1.6,2.6,0.62,0.0,0.0,0.0,0.0,0.0,0.0,0.0,0.0,0.0,2.0,0.0,0.0,0.0,0.46,0.5,2.56,5.71,3.09,3.55,46.48,0.93,0.0,0.0,0.0,0.0,7.83,14.82,0.0,-1.1,106.25,104.77,1.48,0.0,0.0,0.0,0.0,0.0,0.0,0.0,0.0,0.0,0.0,0.0,0.0,0.39,2.2,5.6,0.39,1.0
b'EMILI BELLOT PULIDO',2 Victoria,2.0,22.0,7.5,0.5,2.5,0.2,2.0,2.5,0.8,0.5,1.0,0.5,0.0,0.0,0.0,0.0,0.0,0.0,0.0,0.0,0.0,3.0,0.0,0.0,0.0,0.7,0.69,3.6,5.0,2.8,2.6,51.85,1.4,0.0,0.0,0.0,0.0,5.91,13.79,0.0,0.5,150.0,90.05,59.95,0.0,0.0,0.0,0.0,0.0,0.0,0.0,0.0,0.0,0.0,0.0,0.0,0.5,2.5,5.0,0.5,6.0
b'EMILI BELLOT PULIDO',3 Local,3.0,20.67,9.67,0.67,3.0,0.22,2.0,2.67,0.75,2.33,4.0,0.58,0.0,0.0,0.0,0.0,0.0,0.0,0.0,0.0,0.0,1.67,0.0,0.0,0.0,0.65,0.65,5.43,13.73,3.99,3.28,54.89,1.29,0.0,0.0,0.0,0.0,9.1,20.36,0.0,1.17,145.0,92.58,52.42,0.0,0.0,0.0,0.0,0.0,0.0,0.0,0.0,0.0,0.0,0.0,0.0,0.47,2.67,5.67,0.47,1.0
b'EMILI BELLOT PULIDO',3 Visitant,4.0,26.0,5.0,1.5,3.25,0.46,0.5,2.0,0.25,0.5,0.75,0.67,0.0,0.0,0.0,0.0,0.0,0.0,0.0,0.0,0.0,2.75,0.0,0.0,0.0,0.43,0.45,0.93,2.38,2.27,3.28,40.84,0.86,0.0,0.0,0.0,0.0,5.91,11.27,0.0,-2.0,90.91,106.7,-15.79,0.0,0.0,0.0,0.0,0.0,0.0,0.0,0.0,0.0,0.0,0.0,0.0,0.38,2.0,5.25,0.38,6.0
b'EMILI BELLOT PULIDO',4 Banqueta,7.0,23.71,7.0,1.14,3.14,0.36,1.14,2.29,0.5,1.29,2.14,0.6,0.0,0.0,0.0,0.0,0.0,0.0,0.0,0.0,0.0,2.29,0.0,0.0,0.0,0.53,0.55,2.86,3.38,3.01,3.28,47.82,1.05,0.0,0.0,0.0,0.0,7.29,14.57,0.0,-0.64,113.95,100.61,13.35,0.0,0.0,0.0,0.0,0.0,0.0,0.0,0.0,0.0,0.0,0.0,0.0,0.42,2.29,5.43,0.42,1.0
b'EMILI BELLOT PULIDO',5 Dificil,5.0,24.2,6.6,1.0,2.8,0.36,1.0,1.8,0.56,1.6,2.6,0.62,0.0,0.0,0.0,0.0,0.0,0.0,0.0,0.0,0.0,2.0,0.0,0.0,0.0,0.54,0.57,2.98,6.96,2.89,2.75,51.17,1.09,0.0,0.0,0.0,0.0,6.74,12.93,0.0,-0.3,122.22,105.37,16.86,0.0,0.0,0.0,0.0,0.0,0.0,0.0,0.0,0.0,0.0,0.0,0.0,0.39,2.0,4.6,0.43,1.0
b'EMILI BELLOT PULIDO',5 Facil,2.0,22.5,8.0,1.5,4.0,0.38,1.5,3.5,0.43,0.5,1.0,0.5,0.0,0.0,0.0,0.0,0.0,0.0,0.0,0.0,0.0,3.0,0.0,0.0,0.0,0.5,0.5,2.55,3.33,3.3,4.6,41.77,1.0,0.0,0.0,0.0,0.0,8.53,18.93,0.0,-1.5,106.67,88.88,17.79,0.0,0.0,0.0,0.0,0.0,0.0,0.0,0.0,0.0,0.0,0.0,0.0,0.47,3.0,7.5,0.4,6.0
b'EMILI BELLOT PULIDO',6 Equips Cua,1.0,20.0,13.0,1.0,2.0,0.5,2.0,2.0,1.0,5.0,8.0,0.62,0.0,0.0,0.0,0.0,0.0,0.0,0.0,0.0,0.0,1.0,0.0,0.0,0.0,1.0,0.86,9.8,125.0,5.75,1.45,79.86,2.0,0.0,0.0,0.0,0.0,10.0,20.03,0.0,4.5,216.67,100.09,116.58,0.0,0.0,0.0,0.0,0.0,0.0,0.0,0.0,0.0,0.0,0.0,0.0,0.5,3.0,4.0,0.75,1.0
b'EMILI BELLOT PULIDO',6 Equips Top,1.0,20.0,13.0,1.0,2.0,0.5,2.0,2.0,1.0,5.0,8.0,0.62,0.0,0.0,0.0,0.0,0.0,0.0,0.0,0.0,0.0,1.0,0.0,0.0,0.0,1.0,0.86,9.8,125.0,5.75,1.45,79.86,2.0,0.0,0.0,0.0,0.0,10.0,20.03,0.0,4.5,216.67,100.09,116.58,0.0,0.0,0.0,0.0,0.0,0.0,0.0,0.0,0.0,0.0,0.0,0.0,0.5,3.0,4.0,0.75,1.0
b'JORDI SNCHEZ SORIANO',1 Mitjana,7.0,21.86,10.57,2.0,3.0,0.67,1.14,3.57,0.32,3.14,5.0,0.63,0.0,0.0,0.0,0.0,0.0,0.0,0.0,0.0,0.0,1.57,0.0,0.0,0.0,0.57,0.6,5.86,6.83,4.87,3.7,56.78,1.13,0.0,0.0,0.0,0.0,10.92,21.76,0.0,0.71,125.42,100.71,24.72,0.0,0.0,0.0,0.0,0.0,0.0,0.0,0.0,0.0,0.0,0.0,0.0,0.54,3.14,6.57,0.48,10.0
b'JORDI SNCHEZ SORIANO',2 Derrota,5.0,22.0,8.6,1.0,2.2,0.45,1.4,4.2,0.33,2.4,4.6,0.52,0.0,0.0,0.0,0.0,0.0,0.0,0.0,0.0,0.0,1.8,0.0,0.0,0.0,0.48,0.51,3.48,7.5,3.82,4.42,46.35,0.97,0.0,0.0,0.0,0.0,10.35,20.53,0.0,-1.0,104.88,104.77,0.11,0.0,0.0,0.0,0.0,0.0,0.0,0.0,0.0,0.0,0.0,0.0,0.0,0.66,2.4,6.4,0.38,10.0
b'JORDI SNCHEZ SORIANO',2 Victoria,2.0,21.5,15.5,4.5,5.0,0.9,0.5,2.0,0.25,5.0,6.0,0.83,0.0,0.0,0.0,0.0,0.0,0.0,0.0,0.0,0.0,1.0,0.0,0.0,0.0,0.75,0.8,11.8,35.72,7.33,2.06,78.01,1.5,0.0,0.0,0.0,0.0,12.43,25.0,0.0,5.0,172.22,90.22,82.0,0.0,0.0,0.0,0.0,0.0,0.0,0.0,0.0,0.0,0.0,0.0,0.0,0.29,5.0,7.0,0.71,10.0
b'JORDI SNCHEZ SORIANO',3 Local,3.0,19.0,8.67,2.33,2.67,0.88,0.33,2.67,0.12,3.0,5.33,0.56,0.0,0.0,0.0,0.0,0.0,0.0,0.0,0.0,0.0,1.33,0.0,0.0,0.0,0.53,0.56,4.53,18.75,4.39,3.07,58.82,1.06,0.0,0.0,0.0,0.0,9.9,22.9,0.0,0.0,118.18,92.67,25.51,0.0,0.0,0.0,0.0,0.0,0.0,0.0,0.0,0.0,0.0,0.0,0.0,0.5,2.67,5.33,0.5,10.0
b'JORDI SNCHEZ SORIANO',3 Visitant,4.0,24.0,12.0,1.75,3.25,0.54,1.75,4.25,0.41,3.25,4.75,0.68,0.0,0.0,0.0,0.0,0.0,0.0,0.0,0.0,0.0,1.75,0.0,0.0,0.0,0.58,0.63,6.85,10.83,5.21,4.19,55.43,1.17,0.0,0.0,0.0,0.0,11.67,20.99,0.0,1.25,133.33,106.76,26.57,0.0,0.0,0.0,0.0,0.0,0.0,0.0,0.0,0.0,0.0,0.0,0.0,0.57,3.5,7.5,0.47,10.0
b'JORDI SNCHEZ SORIANO',4 Banqueta,7.0,21.86,10.57,2.0,3.0,0.67,1.14,3.57,0.32,3.14,5.0,0.63,0.0,0.0,0.0,0.0,0.0,0.0,0.0,0.0,0.0,1.57,0.0,0.0,0.0,0.57,0.6,5.86,6.83,4.87,3.7,56.78,1.13,0.0,0.0,0.0,0.0,10.92,21.76,0.0,0.71,125.42,100.71,24.72,0.0,0.0,0.0,0.0,0.0,0.0,0.0,0.0,0.0,0.0,0.0,0.0,0.54,3.14,6.57,0.48,10.0
b'JORDI SNCHEZ SORIANO',5 Dificil,5.0,22.8,11.0,1.8,2.8,0.64,1.4,3.8,0.37,3.2,5.8,0.55,0.0,0.0,0.0,0.0,0.0,0.0,0.0,0.0,0.0,1.6,0.0,0.0,0.0,0.59,0.6,5.98,9.7,5.05,3.87,56.66,1.18,0.0,0.0,0.0,0.0,11.38,21.86,0.0,0.7,125.0,105.42,19.58,0.0,0.0,0.0,0.0,0.0,0.0,0.0,0.0,0.0,0.0,0.0,0.0,0.58,3.2,6.6,0.48,10.0
b'JORDI SNCHEZ SORIANO',5 Facil,2.0,19.5,9.5,2.5,3.5,0.71,0.5,3.0,0.17,3.0,3.0,1.0,0.0,0.0,0.0,0.0,0.0,0.0,0.0,0.0,0.0,1.5,0.0,0.0,0.0,0.5,0.61,5.55,23.07,4.2,3.5,54.55,1.0,0.0,0.0,0.0,0.0,9.57,21.51,0.0,0.75,126.67,89.11,37.55,0.0,0.0,0.0,0.0,0.0,0.0,0.0,0.0,0.0,0.0,0.0,0.0,0.46,3.0,6.5,0.46,10.0
b'JORDI SNCHEZ SORIANO',6 Equips Cua,1.0,20.0,5.0,2.0,3.0,0.67,0.0,3.0,0.0,1.0,5.0,0.2,0.0,0.0,0.0,0.0,0.0,0.0,0.0,0.0,0.0,3.0,0.0,0.0,0.0,0.33,0.3,-1.2,16.67,2.72,5.28,34.0,0.67,0.0,0.0,0.0,0.0,9.75,21.84,0.0,-5.0,71.43,99.31,-27.88,0.0,0.0,0.0,0.0,0.0,0.0,0.0,0.0,0.0,0.0,0.0,0.0,0.5,2.0,6.0,0.33,10.0
b'JORDI SNCHEZ SORIANO',6 Equips Top,1.0,20.0,5.0,2.0,3.0,0.67,0.0,3.0,0.0,1.0,5.0,0.2,0.0,0.0,0.0,0.0,0.0,0.0,0.0,0.0,0.0,3.0,0.0,0.0,0.0,0.33,0.3,-1.2,16.67,2.72,5.28,34.0,0.67,0.0,0.0,0.0,0.0,9.75,21.84,0.0,-5.0,71.43,99.31,-27.88,0.0,0.0,0.0,0.0,0.0,0.0,0.0,0.0,0.0,0.0,0.0,0.0,0.5,2.0,6.0,0.33,10.0
b'NICOLAS FERRER IGLESIA',1 Mitjana,7.0,17.29,7.86,1.57,4.0,0.39,0.86,3.14,0.27,2.14,2.86,0.75,0.0,0.0,0.0,0.0,0.0,0.0,0.0,0.0,0.0,2.14,0.0,0.0,0.0,0.4,0.47,2.69,4.29,3.5,4.79,42.24,0.8,0.0,0.0,0.0,0.0,9.63,26.35,0.0,-1.79,96.49,100.49,-4.0,0.0,0.0,0.0,0.0,0.0,0.0,0.0,0.0,0.0,0.0,0.0,0.0,0.44,2.43,7.14,0.34,9.0
b'NICOLAS FERRER IGLESIA',2 Derrota,5.0,17.0,8.0,1.6,5.0,0.32,0.8,3.4,0.24,2.4,3.2,0.75,0.0,0.0,0.0,0.0,0.0,0.0,0.0,0.0,0.0,2.4,0.0,0.0,0.0,0.33,0.41,1.8,5.71,3.6,6.08,37.19,0.67,0.0,0.0,0.0,0.0,11.15,30.94,0.0,-3.2,83.33,104.46,-21.13,0.0,0.0,0.0,0.0,0.0,0.0,0.0,0.0,0.0,0.0,0.0,0.0,0.4,2.4,8.4,0.29,9.0
b'NICOLAS FERRER IGLESIA',2 Victoria,2.0,18.0,7.5,1.5,1.5,1.0,1.0,2.5,0.4,1.5,2.0,0.75,0.0,0.0,0.0,0.0,0.0,0.0,0.0,0.0,0.0,1.5,0.0,0.0,0.0,0.75,0.77,4.9,18.75,3.25,1.55,67.71,1.5,0.0,0.0,0.0,0.0,5.81,15.12,0.0,1.75,166.67,90.15,76.52,0.0,0.0,0.0,0.0,0.0,0.0,0.0,0.0,0.0,0.0,0.0,0.0,0.62,2.5,4.0,0.62,9.0
b'NICOLAS FERRER IGLESIA',3 Local,3.0,20.0,11.33,2.0,4.67,0.43,1.67,4.67,0.36,2.33,2.67,0.88,0.0,0.0,0.0,0.0,0.0,0.0,0.0,0.0,0.0,2.67,0.0,0.0,0.0,0.48,0.54,5.07,8.33,4.72,5.68,45.35,0.96,0.0,0.0,0.0,0.0,11.62,29.76,0.0,-0.67,109.68,92.13,17.54,0.0,0.0,0.0,0.0,0.0,0.0,0.0,0.0,0.0,0.0,0.0,0.0,0.5,3.67,9.33,0.39,9.0
b'NICOLAS FERRER IGLESIA',3 Visitant,4.0,15.25,5.25,1.25,3.5,0.36,0.25,2.0,0.12,2.0,3.0,0.67,0.0,0.0,0.0,0.0,0.0,0.0,0.0,0.0,0.0,1.75,0.0,0.0,0.0,0.3,0.38,0.9,9.09,2.57,4.13,38.31,0.59,0.0,0.0,0.0,0.0,8.13,23.49,0.0,-2.62,80.77,106.68,-25.91,0.0,0.0,0.0,0.0,0.0,0.0,0.0,0.0,0.0,0.0,0.0,0.0,0.36,1.5,5.5,0.27,9.0
b'NICOLAS FERRER IGLESIA',4 Banqueta,7.0,17.29,7.86,1.57,4.0,0.39,0.86,3.14,0.27,2.14,2.86,0.75,0.0,0.0,0.0,0.0,0.0,0.0,0.0,0.0,0.0,2.14,0.0,0.0,0.0,0.4,0.47,2.69,4.29,3.5,4.79,42.24,0.8,0.0,0.0,0.0,0.0,9.63,26.35,0.0,-1.79,96.49,100.49,-4.0,0.0,0.0,0.0,0.0,0.0,0.0,0.0,0.0,0.0,0.0,0.0,0.0,0.44,2.43,7.14,0.34,9.0
b'NICOLAS FERRER IGLESIA',5 Dificil,5.0,17.2,7.4,1.4,3.8,0.37,0.8,3.2,0.25,2.2,2.8,0.79,0.0,0.0,0.0,0.0,0.0,0.0,0.0,0.0,0.0,2.4,0.0,0.0,0.0,0.37,0.45,2.18,6.29,3.27,4.85,40.25,0.74,0.0,0.0,0.0,0.0,9.31,26.06,0.0,-2.2,92.5,105.12,-12.62,0.0,0.0,0.0,0.0,0.0,0.0,0.0,0.0,0.0,0.0,0.0,0.0,0.46,2.2,7.0,0.31,9.0
b'NICOLAS FERRER IGLESIA',5 Facil,2.0,17.5,9.0,2.0,4.5,0.44,1.0,3.0,0.33,2.0,3.0,0.67,0.0,0.0,0.0,0.0,0.0,0.0,0.0,0.0,0.0,1.5,0.0,0.0,0.0,0.47,0.51,3.95,13.34,4.07,4.63,46.74,0.93,0.0,0.0,0.0,0.0,10.57,27.03,0.0,-0.75,105.88,89.08,16.81,0.0,0.0,0.0,0.0,0.0,0.0,0.0,0.0,0.0,0.0,0.0,0.0,0.4,3.0,7.5,0.4,9.0
b'NICOLAS FERRER IGLESIA',6 Equips Cua,1.0,24.0,12.0,2.0,8.0,0.25,2.0,7.0,0.29,2.0,2.0,1.0,0.0,0.0,0.0,0.0,0.0,0.0,0.0,0.0,0.0,4.0,0.0,0.0,0.0,0.33,0.38,1.5,13.33,4.8,11.0,30.38,0.67,0.0,0.0,0.0,0.0,16.5,35.25,0.0,-6.0,80.0,99.18,-19.18,0.0,0.0,0.0,0.0,0.0,0.0,0.0,0.0,0.0,0.0,0.0,0.0,0.47,4.0,15.0,0.27,9.0
b'NICOLAS FERRER IGLESIA',6 Equips Top,1.0,24.0,12.0,2.0,8.0,0.25,2.0,7.0,0.29,2.0,2.0,1.0,0.0,0.0,0.0,0.0,0.0,0.0,0.0,0.0,0.0,4.0,0.0,0.0,0.0,0.33,0.38,1.5,13.33,4.8,11.0,30.38,0.67,0.0,0.0,0.0,0.0,16.5,35.25,0.0,-6.0,80.0,99.18,-19.18,0.0,0.0,0.0,0.0,0.0,0.0,0.0,0.0,0.0,0.0,0.0,0.0,0.47,4.0,15.0,0.27,9.0
b'NIL DISTEFANO CAPDEFERRO',1 Mitjana,7.0,15.29,2.29,0.86,2.14,0.4,0.14,0.29,0.5,0.14,0.86,0.17,0.0,0.0,0.0,0.0,0.0,0.0,0.0,0.0,0.0,1.57,0.0,0.0,0.0,0.44,0.41,0.07,0.84,1.1,1.67,39.86,0.88,0.0,0.0,0.0,0.0,3.17,9.95,0.0,-1.36,88.89,100.58,-11.69,0.0,0.0,0.0,0.0,0.0,0.0,0.0,0.0,0.0,0.0,0.0,0.0,0.12,1.0,2.43,0.41,77.0
b'NIL DISTEFANO CAPDEFERRO',2 Derrota,5.0,15.6,2.6,1.2,2.4,0.5,0.0,0.2,0.0,0.2,1.2,0.17,0.0,0.0,0.0,0.0,0.0,0.0,0.0,0.0,0.0,2.0,0.0,0.0,0.0,0.46,0.42,0.06,1.54,1.35,1.73,43.72,0.92,0.0,0.0,0.0,0.0,3.63,10.75,0.0,-1.6,92.86,104.53,-11.67,0.0,0.0,0.0,0.0,0.0,0.0,0.0,0.0,0.0,0.0,0.0,0.0,0.08,1.2,2.6,0.46,77.0
b'NIL DISTEFANO CAPDEFERRO',2 Victoria,2.0,14.5,1.5,0.0,1.5,0.0,0.5,0.5,1.0,0.0,0.0,0.0,0.0,0.0,0.0,0.0,0.0,0.0,0.0,0.0,0.0,0.5,0.0,0.0,0.0,0.38,0.38,0.1,0.0,0.5,1.5,25.0,0.75,0.0,0.0,0.0,0.0,2.0,7.69,0.0,-0.75,75.0,90.25,-15.25,0.0,0.0,0.0,0.0,0.0,0.0,0.0,0.0,0.0,0.0,0.0,0.0,0.25,0.5,2.0,0.25,77.0
b'NIL DISTEFANO CAPDEFERRO',3 Local,3.0,15.67,1.0,0.0,0.67,0.0,0.33,0.33,1.0,0.0,0.67,0.0,0.0,0.0,0.0,0.0,0.0,0.0,0.0,0.0,0.0,2.33,0.0,0.0,0.0,0.5,0.39,-0.77,0.0,0.33,0.93,26.32,1.0,0.0,0.0,0.0,0.0,1.57,4.68,0.0,-1.5,100.0,92.0,8.0,0.0,0.0,0.0,0.0,0.0,0.0,0.0,0.0,0.0,0.0,0.0,0.0,0.33,0.33,1.0,0.33,77.0
b'NIL DISTEFANO CAPDEFERRO',3 Visitant,4.0,15.0,3.25,1.5,3.25,0.46,0.0,0.25,0.0,0.25,1.0,0.25,0.0,0.0,0.0,0.0,0.0,0.0,0.0,0.0,0.0,1.0,0.0,0.0,0.0,0.43,0.41,0.7,1.78,1.68,2.23,42.95,0.86,0.0,0.0,0.0,0.0,4.38,13.8,0.0,-1.25,92.86,106.77,-13.92,0.0,0.0,0.0,0.0,0.0,0.0,0.0,0.0,0.0,0.0,0.0,0.0,0.07,1.5,3.5,0.43,77.0
b'NIL DISTEFANO CAPDEFERRO',4 Banqueta,7.0,15.29,2.29,0.86,2.14,0.4,0.14,0.29,0.5,0.14,0.86,0.17,0.0,0.0,0.0,0.0,0.0,0.0,0.0,0.0,0.0,1.57,0.0,0.0,0.0,0.44,0.41,0.07,0.84,1.1,1.67,39.86,0.88,0.0,0.0,0.0,0.0,3.17,9.95,0.0,-1.36,88.89,100.58,-11.69,0.0,0.0,0.0,0.0,0.0,0.0,0.0,0.0,0.0,0.0,0.0,0.0,0.12,1.0,2.43,0.41,77.0
b'NIL DISTEFANO CAPDEFERRO',5 Dificil,5.0,14.8,1.6,0.8,1.8,0.44,0.0,0.2,0.0,0.0,0.4,0.0,0.0,0.0,0.0,0.0,0.0,0.0,0.0,0.0,0.0,2.2,0.0,0.0,0.0,0.4,0.37,-0.52,0.0,0.8,1.36,37.04,0.8,0.0,0.0,0.0,0.0,2.33,8.01,0.0,-1.7,80.0,105.09,-25.09,0.0,0.0,0.0,0.0,0.0,0.0,0.0,0.0,0.0,0.0,0.0,0.0,0.1,0.8,2.0,0.4,77.0
b'NIL DISTEFANO CAPDEFERRO',5 Facil,2.0,16.5,4.0,1.0,3.0,0.33,0.5,0.5,1.0,0.5,2.0,0.25,0.0,0.0,0.0,0.0,0.0,0.0,0.0,0.0,0.0,0.0,0.0,0.0,0.0,0.5,0.46,1.55,7.14,1.85,2.45,43.02,1.0,0.0,0.0,0.0,0.0,5.55,14.24,0.0,-0.5,114.29,89.43,24.86,0.0,0.0,0.0,0.0,0.0,0.0,0.0,0.0,0.0,0.0,0.0,0.0,0.14,1.5,3.5,0.43,77.0
b'NIL DISTEFANO CAPDEFERRO',6 Equips Cua,1.0,15.0,0.0,0.0,1.0,0.0,0.0,0.0,0.0,0.0,2.0,0.0,0.0,0.0,0.0,0.0,0.0,0.0,0.0,0.0,0.0,4.0,0.0,0.0,0.0,0.0,0.0,-3.1,0.0,0.0,1.8,0.0,0.0,0.0,0.0,0.0,0.0,2.5,6.68,0.0,-4.0,91.64,98.4,-6.75,0.0,0.0,0.0,0.0,0.0,0.0,0.0,0.0,0.0,0.0,0.0,0.0,0.0,0.0,1.0,0.0,77.0
b'NIL DISTEFANO CAPDEFERRO',6 Equips Top,1.0,15.0,0.0,0.0,1.0,0.0,0.0,0.0,0.0,0.0,2.0,0.0,0.0,0.0,0.0,0.0,0.0,0.0,0.0,0.0,0.0,4.0,0.0,0.0,0.0,0.0,0.0,-3.1,0.0,0.0,1.8,0.0,0.0,0.0,0.0,0.0,0.0,2.5,6.68,0.0,-4.0,91.64,98.4,-6.75,0.0,0.0,0.0,0.0,0.0,0.0,0.0,0.0,0.0,0.0,0.0,0.0,0.0,0.0,1.0,0.0,77.0
b'POL PUIG LPEZ',1 Mitjana,1.0,3.0,0.0,0.0,0.0,0.0,0.0,0.0,0.0,0.0,0.0,0.0,0.0,0.0,0.0,0.0,0.0,0.0,0.0,0.0,0.0,0.0,0.0,0.0,0.0,0.0,0.0,0.0,0.0,0.0,0.0,0.0,0.0,0.0,0.0,0.0,0.0,0.0,0.0,0.0,0.0,91.64,100.48,-8.83,0.0,0.0,0.0,0.0,0.0,0.0,0.0,0.0,0.0,0.0,0.0,0.0,0.0,0.0,0.0,0.0,35.0
b'POL PUIG LPEZ',2 Derrota,1.0,3.0,0.0,0.0,0.0,0.0,0.0,0.0,0.0,0.0,0.0,0.0,0.0,0.0,0.0,0.0,0.0,0.0,0.0,0.0,0.0,0.0,0.0,0.0,0.0,0.0,0.0,0.0,0.0,0.0,0.0,0.0,0.0,0.0,0.0,0.0,0.0,0.0,0.0,0.0,0.0,91.64,100.48,-8.83,0.0,0.0,0.0,0.0,0.0,0.0,0.0,0.0,0.0,0.0,0.0,0.0,0.0,0.0,0.0,0.0,35.0
b'POL PUIG LPEZ',3 Local,1.0,3.0,0.0,0.0,0.0,0.0,0.0,0.0,0.0,0.0,0.0,0.0,0.0,0.0,0.0,0.0,0.0,0.0,0.0,0.0,0.0,0.0,0.0,0.0,0.0,0.0,0.0,0.0,0.0,0.0,0.0,0.0,0.0,0.0,0.0,0.0,0.0,0.0,0.0,0.0,0.0,91.64,100.48,-8.83,0.0,0.0,0.0,0.0,0.0,0.0,0.0,0.0,0.0,0.0,0.0,0.0,0.0,0.0,0.0,0.0,35.0
b'POL PUIG LPEZ',4 Banqueta,1.0,3.0,0.0,0.0,0.0,0.0,0.0,0.0,0.0,0.0,0.0,0.0,0.0,0.0,0.0,0.0,0.0,0.0,0.0,0.0,0.0,0.0,0.0,0.0,0.0,0.0,0.0,0.0,0.0,0.0,0.0,0.0,0.0,0.0,0.0,0.0,0.0,0.0,0.0,0.0,0.0,91.64,100.48,-8.83,0.0,0.0,0.0,0.0,0.0,0.0,0.0,0.0,0.0,0.0,0.0,0.0,0.0,0.0,0.0,0.0,35.0
b'POL PUIG LPEZ',5 Dificil,1.0,3.0,0.0,0.0,0.0,0.0,0.0,0.0,0.0,0.0,0.0,0.0,0.0,0.0,0.0,0.0,0.0,0.0,0.0,0.0,0.0,0.0,0.0,0.0,0.0,0.0,0.0,0.0,0.0,0.0,0.0,0.0,0.0,0.0,0.0,0.0,0.0,0.0,0.0,0.0,0.0,91.64,100.48,-8.83,0.0,0.0,0.0,0.0,0.0,0.0,0.0,0.0,0.0,0.0,0.0,0.0,0.0,0.0,0.0,0.0,35.0
b'POL PUIG LPEZ',6 Equips Cua,1.0,3.0,0.0,0.0,0.0,0.0,0.0,0.0,0.0,0.0,0.0,0.0,0.0,0.0,0.0,0.0,0.0,0.0,0.0,0.0,0.0,0.0,0.0,0.0,0.0,0.0,0.0,0.0,0.0,0.0,0.0,0.0,0.0,0.0,0.0,0.0,0.0,0.0,0.0,0.0,0.0,91.64,100.48,-8.83,0.0,0.0,0.0,0.0,0.0,0.0,0.0,0.0,0.0,0.0,0.0,0.0,0.0,0.0,0.0,0.0,35.0
b'POL PUIG LPEZ',6 Equips Top,1.0,3.0,0.0,0.0,0.0,0.0,0.0,0.0,0.0,0.0,0.0,0.0,0.0,0.0,0.0,0.0,0.0,0.0,0.0,0.0,0.0,0.0,0.0,0.0,0.0,0.0,0.0,0.0,0.0,0.0,0.0,0.0,0.0,0.0,0.0,0.0,0.0,0.0,0.0,0.0,0.0,91.64,100.48,-8.83,0.0,0.0,0.0,0.0,0.0,0.0,0.0,0.0,0.0,0.0,0.0,0.0,0.0,0.0,0.0,0.0,35.0
b'UNAI PLATTEEUW FERNNDEZ',1 Mitjana,7.0,16.57,2.43,0.86,2.0,0.43,0.14,1.0,0.14,0.29,0.57,0.5,0.0,0.0,0.0,0.0,0.0,0.0,0.0,0.0,0.0,2.29,0.0,0.0,0.0,0.36,0.37,-0.3,1.36,1.17,2.06,36.28,0.71,0.0,0.0,0.0,0.0,3.5,10.64,0.0,-2.0,77.27,100.43,-23.16,0.0,0.0,0.0,0.0,0.0,0.0,0.0,0.0,0.0,0.0,0.0,0.0,0.33,1.0,3.0,0.33,12.0
b'UNAI PLATTEEUW FERNNDEZ',2 Derrota,5.0,14.8,2.4,0.8,1.6,0.5,0.2,1.0,0.2,0.2,0.4,0.5,0.0,0.0,0.0,0.0,0.0,0.0,0.0,0.0,0.0,2.0,0.0,0.0,0.0,0.42,0.43,0.1,1.54,1.12,1.64,40.58,0.85,0.0,0.0,0.0,0.0,2.94,10.06,0.0,-1.4,92.31,104.49,-12.18,0.0,0.0,0.0,0.0,0.0,0.0,0.0,0.0,0.0,0.0,0.0,0.0,0.38,1.0,2.6,0.38,12.0
b'UNAI PLATTEEUW FERNNDEZ',2 Victoria,2.0,21.0,2.5,1.0,3.0,0.33,0.0,1.0,0.0,0.5,1.0,0.5,0.0,0.0,0.0,0.0,0.0,0.0,0.0,0.0,0.0,3.0,0.0,0.0,0.0,0.25,0.28,-1.3,6.25,1.3,3.1,29.55,0.5,0.0,0.0,0.0,0.0,4.91,11.79,0.0,-3.5,62.5,90.03,-27.53,0.0,0.0,0.0,0.0,0.0,0.0,0.0,0.0,0.0,0.0,0.0,0.0,0.25,1.0,4.0,0.25,12.0
b'UNAI PLATTEEUW FERNNDEZ',3 Local,3.0,17.67,2.67,1.33,2.0,0.67,0.0,1.33,0.0,0.0,0.0,0.0,0.0,0.0,0.0,0.0,0.0,0.0,0.0,0.0,0.0,2.67,0.0,0.0,0.0,0.4,0.4,-0.2,0.0,1.33,2.0,40.0,0.8,0.0,0.0,0.0,0.0,3.33,10.69,0.0,-2.0,80.0,91.99,-11.99,0.0,0.0,0.0,0.0,0.0,0.0,0.0,0.0,0.0,0.0,0.0,0.0,0.4,1.33,3.33,0.4,12.0
b'UNAI PLATTEEUW FERNNDEZ',3 Visitant,4.0,15.75,2.25,0.5,2.0,0.25,0.25,0.75,0.33,0.5,1.0,0.5,0.0,0.0,0.0,0.0,0.0,0.0,0.0,0.0,0.0,2.0,0.0,0.0,0.0,0.32,0.35,-0.38,4.54,1.05,2.1,33.33,0.64,0.0,0.0,0.0,0.0,3.63,10.64,0.0,-2.0,75.0,106.66,-31.66,0.0,0.0,0.0,0.0,0.0,0.0,0.0,0.0,0.0,0.0,0.0,0.0,0.27,0.75,2.75,0.27,12.0
b'UNAI PLATTEEUW FERNNDEZ',4 Banqueta,7.0,16.57,2.43,0.86,2.0,0.43,0.14,1.0,0.14,0.29,0.57,0.5,0.0,0.0,0.0,0.0,0.0,0.0,0.0,0.0,0.0,2.29,0.0,0.0,0.0,0.36,0.37,-0.3,1.36,1.17,2.06,36.28,0.71,0.0,0.0,0.0,0.0,3.5,10.64,0.0,-2.0,77.27,100.43,-23.16,0.0,0.0,0.0,0.0,0.0,0.0,0.0,0.0,0.0,0.0,0.0,0.0,0.33,1.0,3.0,0.33,12.0
b'UNAI PLATTEEUW FERNNDEZ',5 Dificil,5.0,15.8,2.8,1.0,2.2,0.45,0.2,1.2,0.17,0.2,0.4,0.5,0.0,0.0,0.0,0.0,0.0,0.0,0.0,0.0,0.0,2.8,0.0,0.0,0.0,0.38,0.39,-0.3,1.18,1.32,2.24,37.08,0.76,0.0,0.0,0.0,0.0,3.73,12.32,0.0,-2.2,82.35,104.97,-22.61,0.0,0.0,0.0,0.0,0.0,0.0,0.0,0.0,0.0,0.0,0.0,0.0,0.35,1.2,3.4,0.35,12.0
b'UNAI PLATTEEUW FERNNDEZ',5 Facil,2.0,18.5,1.5,0.5,1.5,0.33,0.0,0.5,0.0,0.5,1.0,0.5,0.0,0.0,0.0,0.0,0.0,0.0,0.0,0.0,0.0,1.0,0.0,0.0,0.0,0.25,0.31,-0.3,12.5,0.8,1.6,33.33,0.5,0.0,0.0,0.0,0.0,3.02,7.07,0.0,-1.5,75.0,89.21,-14.21,0.0,0.0,0.0,0.0,0.0,0.0,0.0,0.0,0.0,0.0,0.0,0.0,0.25,0.5,2.0,0.25,12.0
b'UNAI PLATTEEUW FERNNDEZ',6 Equips Cua,1.0,21.0,2.0,1.0,2.0,0.5,0.0,2.0,0.0,0.0,0.0,0.0,0.0,0.0,0.0,0.0,0.0,0.0,0.0,0.0,0.0,1.0,0.0,0.0,0.0,0.25,0.25,-0.8,0.0,1.0,3.0,25.0,0.5,0.0,0.0,0.0,0.0,4.0,10.15,0.0,-2.5,50.0,100.11,-50.11,0.0,0.0,0.0,0.0,0.0,0.0,0.0,0.0,0.0,0.0,0.0,0.0,0.5,1.0,4.0,0.25,12.0
b'UNAI PLATTEEUW FERNNDEZ',6 Equips Top,1.0,21.0,2.0,1.0,2.0,0.5,0.0,2.0,0.0,0.0,0.0,0.0,0.0,0.0,0.0,0.0,0.0,0.0,0.0,0.0,0.0,1.0,0.0,0.0,0.0,0.25,0.25,-0.8,0.0,1.0,3.0,25.0,0.5,0.0,0.0,0.0,0.0,4.0,10.15,0.0,-2.5,50.0,100.11,-50.11,0.0,0.0,0.0,0.0,0.0,0.0,0.0,0.0,0.0,0.0,0.0,0.0,0.5,1.0,4.0,0.25,12.0
b'VCTOR PI COLL',1 Mitjana,6.0,16.33,3.0,0.67,1.67,0.4,0.0,2.67,0.0,1.67,2.67,0.62,0.0,0.0,0.0,0.0,0.0,0.0,0.0,0.0,0.0,2.0,0.0,0.0,0.0,0.15,0.27,-0.97,6.41,1.58,3.82,29.32,0.31,0.0,0.0,0.0,0.0,6.66,18.14,0.0,-3.67,58.06,98.7,-40.63,0.0,0.0,0.0,0.0,0.0,0.0,0.0,0.0,0.0,0.0,0.0,0.0,0.62,0.67,4.33,0.15,8.0
b'VCTOR PI COLL',2 Derrota,4.0,18.25,3.25,1.0,2.5,0.4,0.0,3.0,0.0,1.25,2.75,0.45,0.0,0.0,0.0,0.0,0.0,0.0,0.0,0.0,0.0,2.25,0.0,0.0,0.0,0.18,0.24,-1.7,5.68,1.77,4.83,26.86,0.36,0.0,0.0,0.0,0.0,7.86,19.44,0.0,-4.75,50.0,102.86,-52.86,0.0,0.0,0.0,0.0,0.0,0.0,0.0,0.0,0.0,0.0,0.0,0.0,0.55,1.0,5.5,0.18,8.0
b'VCTOR PI COLL',2 Victoria,2.0,12.5,2.5,0.0,0.0,0.0,0.0,2.0,0.0,2.5,2.5,1.0,0.0,0.0,0.0,0.0,0.0,0.0,0.0,0.0,0.0,1.5,0.0,0.0,0.0,0.0,0.4,0.5,62.5,1.0,2.0,33.33,0.0,0.0,0.0,0.0,0.0,4.26,13.83,0.0,-1.5,83.33,90.08,-6.75,0.0,0.0,0.0,0.0,0.0,0.0,0.0,0.0,0.0,0.0,0.0,0.0,1.0,0.0,2.0,0.0,8.0
b'VCTOR PI COLL',3 Local,3.0,16.67,4.33,1.33,2.33,0.57,0.0,2.0,0.0,1.67,3.0,0.56,0.0,0.0,0.0,0.0,0.0,0.0,0.0,0.0,0.0,2.0,0.0,0.0,0.0,0.31,0.38,0.5,12.82,2.3,3.24,41.5,0.62,0.0,0.0,0.0,0.0,6.9,19.22,0.0,-2.5,86.67,92.25,-5.58,0.0,0.0,0.0,0.0,0.0,0.0,0.0,0.0,0.0,0.0,0.0,0.0,0.46,1.33,4.33,0.31,8.0
b'VCTOR PI COLL',3 Visitant,3.0,16.0,1.67,0.0,1.0,0.0,0.0,3.33,0.0,1.67,2.33,0.71,0.0,0.0,0.0,0.0,0.0,0.0,0.0,0.0,0.0,2.0,0.0,0.0,0.0,0.0,0.16,-2.43,12.82,0.86,4.41,16.27,0.0,0.0,0.0,0.0,0.0,6.4,17.16,0.0,-4.83,33.33,105.11,-71.77,0.0,0.0,0.0,0.0,0.0,0.0,0.0,0.0,0.0,0.0,0.0,0.0,0.77,0.0,4.33,0.0,8.0
b'VCTOR PI COLL',4 Banqueta,6.0,16.33,3.0,0.67,1.67,0.4,0.0,2.67,0.0,1.67,2.67,0.62,0.0,0.0,0.0,0.0,0.0,0.0,0.0,0.0,0.0,2.0,0.0,0.0,0.0,0.15,0.27,-0.97,6.41,1.58,3.82,29.32,0.31,0.0,0.0,0.0,0.0,6.66,18.14,0.0,-3.67,58.06,98.7,-40.63,0.0,0.0,0.0,0.0,0.0,0.0,0.0,0.0,0.0,0.0,0.0,0.0,0.62,0.67,4.33,0.15,8.0
b'VCTOR PI COLL',5 Dificil,4.0,17.0,4.5,1.0,2.0,0.5,0.0,2.25,0.0,2.5,4.0,0.62,0.0,0.0,0.0,0.0,0.0,0.0,0.0,0.0,0.0,2.25,0.0,0.0,0.0,0.24,0.37,0.42,14.71,2.38,3.48,40.6,0.47,0.0,0.0,0.0,0.0,7.51,19.05,0.0,-2.88,81.82,103.6,-21.78,0.0,0.0,0.0,0.0,0.0,0.0,0.0,0.0,0.0,0.0,0.0,0.0,0.53,1.0,4.25,0.24,8.0
b'VCTOR PI COLL',5 Facil,2.0,15.0,0.0,0.0,1.0,0.0,0.0,3.5,0.0,0.0,0.0,0.0,0.0,0.0,0.0,0.0,0.0,0.0,0.0,0.0,0.0,1.5,0.0,0.0,0.0,0.0,0.0,-3.75,0.0,0.0,4.5,0.0,0.0,0.0,0.0,0.0,0.0,4.5,16.09,0.0,-5.25,85.11,89.02,-3.91,0.0,0.0,0.0,0.0,0.0,0.0,0.0,0.0,0.0,0.0,0.0,0.0,0.78,0.0,4.5,0.0,8.0
b'VCTOR PI COLL',6 Equips Cua,1.0,19.0,9.0,3.0,4.0,0.75,0.0,2.0,0.0,3.0,6.0,0.5,0.0,0.0,0.0,0.0,0.0,0.0,0.0,0.0,0.0,2.0,0.0,0.0,0.0,0.5,0.52,4.0,50.0,4.8,3.6,57.14,1.0,0.0,0.0,0.0,0.0,10.5,24.23,0.0,-1.0,128.57,99.66,28.92,0.0,0.0,0.0,0.0,0.0,0.0,0.0,0.0,0.0,0.0,0.0,0.0,0.33,3.0,6.0,0.5,8.0
b'VCTOR PI COLL',6 Equips Top,1.0,19.0,9.0,3.0,4.0,0.75,0.0,2.0,0.0,3.0,6.0,0.5,0.0,0.0,0.0,0.0,0.0,0.0,0.0,0.0,0.0,2.0,0.0,0.0,0.0,0.5,0.52,4.0,50.0,4.8,3.6,57.14,1.0,0.0,0.0,0.0,0.0,10.5,24.23,0.0,-1.0,128.57,99.66,28.92,0.0,0.0,0.0,0.0,0.0,0.0,0.0,0.0,0.0,0.0,0.0,0.0,0.33,3.0,6.0,0.5,8.0
b'XAVIER LLUCH DEZ',1 Mitjana,7.0,21.14,10.14,4.14,7.57,0.55,0.14,0.29,0.5,1.43,3.86,0.37,0.0,0.0,0.0,0.0,0.0,0.0,0.0,0.0,0.0,3.86,0.0,0.0,0.0,0.55,0.53,3.84,2.6,5.22,4.18,55.5,1.11,0.0,0.0,0.0,0.0,11.21,24.5,0.0,-1.57,109.23,100.24,8.99,0.0,0.0,0.0,0.0,0.0,0.0,0.0,0.0,0.0,0.0,0.0,0.0,0.04,4.29,7.86,0.55,5.0
b'XAVIER LLUCH DEZ',2 Derrota,5.0,23.2,10.8,4.2,7.8,0.54,0.2,0.4,0.5,1.8,4.6,0.39,0.0,0.0,0.0,0.0,0.0,0.0,0.0,0.0,0.0,3.8,0.0,0.0,0.0,0.55,0.53,4.18,4.39,5.56,4.48,55.36,1.1,0.0,0.0,0.0,0.0,12.15,23.63,0.0,-1.6,110.2,104.34,5.86,0.0,0.0,0.0,0.0,0.0,0.0,0.0,0.0,0.0,0.0,0.0,0.0,0.05,4.4,8.2,0.54,5.0
b'XAVIER LLUCH DEZ',2 Victoria,2.0,16.0,8.5,4.0,7.0,0.57,0.0,0.0,0.0,0.5,2.0,0.25,0.0,0.0,0.0,0.0,0.0,0.0,0.0,0.0,0.0,4.0,0.0,0.0,0.0,0.57,0.54,3.0,3.57,4.35,3.45,55.77,1.14,0.0,0.0,0.0,0.0,8.81,27.46,0.0,-1.5,121.43,89.82,31.61,0.0,0.0,0.0,0.0,0.0,0.0,0.0,0.0,0.0,0.0,0.0,0.0,0.0,4.0,7.0,0.57,5.0
b'XAVIER LLUCH DEZ',3 Local,3.0,22.0,8.33,3.67,6.0,0.61,0.0,0.0,0.0,1.0,2.67,0.38,0.0,0.0,0.0,0.0,0.0,0.0,0.0,0.0,0.0,3.33,0.0,0.0,0.0,0.61,0.58,3.6,5.56,4.32,2.75,61.08,1.22,0.0,0.0,0.0,0.0,8.29,18.47,0.0,-0.67,125.0,91.98,33.02,0.0,0.0,0.0,0.0,0.0,0.0,0.0,0.0,0.0,0.0,0.0,0.0,0.0,3.67,6.0,0.61,5.0
b'XAVIER LLUCH DEZ',3 Visitant,4.0,20.5,11.5,4.5,8.75,0.51,0.25,0.5,0.5,1.75,4.75,0.37,0.0,0.0,0.0,0.0,0.0,0.0,0.0,0.0,0.0,4.25,0.0,0.0,0.0,0.53,0.51,4.03,4.73,5.89,5.26,52.84,1.05,0.0,0.0,0.0,0.0,13.42,29.05,0.0,-2.25,104.55,106.5,-1.96,0.0,0.0,0.0,0.0,0.0,0.0,0.0,0.0,0.0,0.0,0.0,0.0,0.05,4.75,9.25,0.51,5.0
b'XAVIER LLUCH DEZ',4 Banqueta,7.0,21.14,10.14,4.14,7.57,0.55,0.14,0.29,0.5,1.43,3.86,0.37,0.0,0.0,0.0,0.0,0.0,0.0,0.0,0.0,0.0,3.86,0.0,0.0,0.0,0.55,0.53,3.84,2.6,5.22,4.18,55.5,1.11,0.0,0.0,0.0,0.0,11.21,24.5,0.0,-1.57,109.23,100.24,8.99,0.0,0.0,0.0,0.0,0.0,0.0,0.0,0.0,0.0,0.0,0.0,0.0,0.04,4.29,7.86,0.55,5.0
b'XAVIER LLUCH DEZ',5 Dificil,5.0,23.8,12.4,5.0,8.0,0.62,0.2,0.4,0.5,1.8,4.6,0.39,0.0,0.0,0.0,0.0,0.0,0.0,0.0,0.0,0.0,3.8,0.0,0.0,0.0,0.63,0.59,5.96,4.29,6.36,3.88,62.09,1.26,0.0,0.0,0.0,0.0,12.19,23.85,0.0,-0.2,124.0,105.04,18.96,0.0,0.0,0.0,0.0,0.0,0.0,0.0,0.0,0.0,0.0,0.0,0.0,0.05,5.2,8.4,0.62,5.0
b'XAVIER LLUCH DEZ',5 Facil,2.0,14.5,4.5,2.0,6.5,0.31,0.0,0.0,0.0,0.5,2.0,0.25,0.0,0.0,0.0,0.0,0.0,0.0,0.0,0.0,0.0,4.0,0.0,0.0,0.0,0.31,0.3,-1.45,3.85,2.35,4.95,32.19,0.62,0.0,0.0,0.0,0.0,8.55,27.3,0.0,-5.0,69.23,88.29,-19.06,0.0,0.0,0.0,0.0,0.0,0.0,0.0,0.0,0.0,0.0,0.0,0.0,0.0,2.0,6.5,0.31,5.0
b'XAVIER LLUCH DEZ',6 Equips Cua,1.0,28.0,11.0,5.0,6.0,0.83,0.0,0.0,0.0,1.0,4.0,0.25,0.0,0.0,0.0,0.0,0.0,0.0,0.0,0.0,0.0,2.0,0.0,0.0,0.0,0.83,0.71,6.8,16.67,5.7,1.9,75.0,1.67,0.0,0.0,0.0,0.0,9.0,14.77,0.0,2.0,183.33,99.92,83.41,0.0,0.0,0.0,0.0,0.0,0.0,0.0,0.0,0.0,0.0,0.0,0.0,0.0,5.0,6.0,0.83,5.0
b'XAVIER LLUCH DEZ',6 Equips Top,1.0,28.0,11.0,5.0,6.0,0.83,0.0,0.0,0.0,1.0,4.0,0.25,0.0,0.0,0.0,0.0,0.0,0.0,0.0,0.0,0.0,2.0,0.0,0.0,0.0,0.83,0.71,6.8,16.67,5.7,1.9,75.0,1.67,0.0,0.0,0.0,0.0,9.0,14.77,0.0,2.0,183.33,99.92,83.41,0.0,0.0,0.0,0.0,0.0,0.0,0.0,0.0,0.0,0.0,0.0,0.0,0.0,5.0,6.0,0.83,5.0
